model,seed,parameter_count,wall_time_seconds,final_average_accuracy,final_learned_task_accuracy,mean_immediate_accuracy,mean_forgetting,mean_backward_transfer,run_dir
forgetnet,2027,79936,17.08854795800289,0.08249999999999999,0.11875000000000001,0.12291666666666667,0.025000000000000005,-0.00416666666666667,runs/continual-forgetnet-20260716-233123
forgetnet,2028,79936,17.06141512499744,0.09125,0.11875000000000001,0.11458333333333333,0.016666666666666663,0.00416666666666667,runs/continual-forgetnet-20260716-233140
forgetnet,2029,79936,17.10550649999641,0.10500000000000001,0.14791666666666667,0.1875,0.05833333333333333,-0.039583333333333325,runs/continual-forgetnet-20260716-233157
no_forget,2027,79936,16.141799958000774,0.08375,0.12083333333333333,0.11875000000000001,0.018750000000000006,0.002083333333333326,runs/continual-no_forget-20260716-233214
no_forget,2028,79936,16.21948062499723,0.0875,0.11041666666666666,0.11041666666666666,0.020833333333333332,0.0,runs/continual-no_forget-20260716-233230
no_forget,2029,79936,16.302182375002303,0.11499999999999999,0.1625,0.19999999999999998,0.06041666666666665,-0.03749999999999999,runs/continual-no_forget-20260716-233246
local_transformer,2027,75104,3.3957714999996824,0.095,0.13958333333333334,0.10625000000000001,0.0,0.03333333333333333,runs/continual-local_transformer-20260716-233303
local_transformer,2028,75104,3.352020333004475,0.07375000000000001,0.09583333333333333,0.10625000000000001,0.03958333333333334,-0.010416666666666676,runs/continual-local_transformer-20260716-233306
local_transformer,2029,75104,3.40351620799629,0.06749999999999999,0.09583333333333333,0.09166666666666667,0.016666666666666666,0.004166666666666666,runs/continual-local_transformer-20260716-233309
